topic,original_documents,synthetic_documents,original_share,synthetic_share,share_difference,keywords,topic_label,topic_prototype
0,37,16.0,0.081,0.079,-0.002,"young, young people, people, child, social, impact, health, support, medium, mental, mental health, game",Young People's AI Impact on Education and Well-being,The article discusses the influence of AI on young people's education and overall well-being.
1,72,21.0,0.158,0.104,-0.054,"student, teacher, teach, class, student student, help, increase, teacher student, grade, need, potential, mention",Student Engagement and Teacher Adaptation to AI in Classrooms,This study explores how students' engagement with AI tools impacts teacher adaptation strategies.
2,33,1.0,0.073,0.005,-0.068,"learner, staff, extremely, assessment, unsure, likely, course, staff learner, provider, academic, guidance, extremely likely",GenAI Detection and Assessment Confusion Among Learners and Staff,A study examining confusion among learners and staff regarding the use of GenAI in assessment and its reliability.
3,90,57.0,0.198,0.282,0.084,"ethical, literacy, ethic, secondary, educator, framework, competence, european, skill, address, potential, need",Educator Training and Ethical AI Integration,The role of educators in integrating ethical AI into secondary education.
4,55,24.0,0.121,0.119,-0.002,"youth, sector, youth worker, worker, youth sector, european, young people, european youth, young, expert, people, council",Youth Workers' Perspectives on AI Integration,This paper explores the perspectives of youth workers regarding the integration of artificial intelligence into their practices.
5,67,19.0,0.147,0.094,-0.053,"teacher, professional, experience, knowledge, element, professional experience, professional teacher, teach, complete, teacher knowledge, mooc, participate",Teachers' Experience and Knowledge in AI Integration,This document discusses how teachers perceive and integrate artificial intelligence into their educational practices.
6,39,46.0,0.086,0.228,0.142,"high, public, fear, optimism, perception, public perception, employment, college, sentiment, hope, narrative, age",Public Perception of AI in Youth Employment,The public's mixed sentiments towards AI-driven changes in youth employment.
7,33,18.0,0.073,0.089,0.016,"know, think, mooc, suppose, positive, negative, thing, benefit, unclear intention, intention, unclear, useful",Online Learning Intention Clarity and Classroom Relevance,Participants expressed confusion regarding the clarity of learning intentions during online seminars compared to traditional learning days.
8,29,0.0,0.064,0.0,-0.064,"positifs, négatifs, positifs négatifs, négatifs sait, sait, effets, entreprises, société, numérique, effets positifs, plutôt, positifs plutôt",Impact of Digital Technologies on Youth and Education,How do digital technologies affect young people's education and their future careers?
